{"cameraMode":{"drawMode":0,"name":"Shaded","section":"Shading Mode"},"sceneLighting":true,"audioPlay":false,"sceneViewState":{"m_AlwaysRefresh":false,"showFog":true,"showSkybox":true,"showFlares":true,"showImageEffects":true,"showParticleSystems":true,"showVisualEffectGraphs":true,"m_FxEnabled":true},"in2DMode":false,"pivot":{"x":2.154599905014038,"y":-5.780644416809082,"z":-89.96678924560547},"rotation":{"x":0.31248313188552859,"y":-0.0014292908599600196,"z":0.00046612907317467034,"w":0.9499081373214722},"size":51.285953521728519,"orthographic":false}