{"cameraMode":{"drawMode":0,"name":"Shaded","section":"Shading Mode"},"sceneLighting":true,"audioPlay":false,"sceneViewState":{"m_AlwaysRefresh":false,"showFog":true,"showSkybox":true,"showFlares":true,"showImageEffects":true,"showParticleSystems":true,"showVisualEffectGraphs":true,"m_FxEnabled":true},"in2DMode":false,"pivot":{"x":1322.8504638671875,"y":702.3519897460938,"z":437.259033203125},"rotation":{"x":0.028805451467633249,"y":-0.007500134874135256,"z":0.00021303709945641458,"w":0.9995432496070862},"size":1171.6312255859375,"orthographic":false}